-1.00000000,-0.99969929
-1.00000000,-0.99984402
-1.00000000,-1.00034611
-1.00000000,-1.00105634
-1.00000000,-1.00060047
-1.00000000,-0.99988329
-1.00000000,-1.00003165
-1.00000000,-1.00016557
-1.00000000,-1.00034011
-1.00000000,-0.99988145
-1.00000000,-0.99987079
-1.00000000,-0.99958216
-1.00000000,-0.99958828
-1.00000000,-0.99927541
-1.00000000,-1.00017257
-1.00000000,-1.00033554
-1.00000000,-0.99977084
-1.00000000,-0.99887600
-1.00000000,-0.99952183
-1.00000000,-0.99888002
-1.00000000,-1.00135566
-1.00000000,-0.99918433
-1.00000000,-0.99893190
-1.00000000,-1.00013037
-1.00000000,-0.99821869
-1.00000000,-1.00060476
-1.00000000,-0.99901284
-1.00000000,-0.99849584
-1.00000000,-0.99872492
-1.00000000,-0.99911384
-1.00000000,-0.99953688
-1.00000000,-0.99975945
-1.00000000,-0.99832145
-1.00000000,-0.99937179
-1.00000000,-0.99996912
-1.00000000,-1.00017825
-1.00000000,-1.00018549
-1.00000000,-0.99983769
-1.00000000,-0.99964962
-1.00000000,-1.00073634
-1.00000000,-1.00089268
-1.00000000,-1.00029483
-1.00000000,-1.00024944
-1.00000000,-1.00027505
-1.00000000,-1.00027097
-1.00000000,-0.99999887
-1.00000000,-1.00020391
-1.00000000,-1.00217280
-1.00000000,-0.99943816
-1.00000000,-0.99983949
-1.00000000,-0.99981903
-1.00000000,-1.00014757
-1.00000000,-1.00099906
-1.00000000,-1.00130253
-1.00000000,-1.00111601
-1.00000000,-0.99933600
-1.00000000,-0.99949314
-1.00000000,-1.00012064
-1.00000000,-0.99918189
-1.00000000,-1.00086486
-1.00000000,-0.99971521
-1.00000000,-0.99980274
-1.00000000,-1.00139883
-1.00000000,-0.99894802
-1.00000000,-1.00040101
-1.00000000,-1.00043904
-1.00000000,-1.00087343
-1.00000000,-1.00080500
-1.00000000,-1.00117152
-1.00000000,-0.99927831
-1.00000000,-0.99930554
-1.00000000,-1.00015481
-1.00000000,-1.00064835
-1.00000000,-1.00035673
-1.00000000,-0.99955630
-1.00000000,-0.99959177
-1.00000000,-1.00009069
-1.00000000,-0.99909104
-1.00000000,-1.00016802
-1.00000000,-0.99998855
-1.00000000,-1.00062655
-1.00000000,-1.00105455
-1.00000000,-1.00096748
-1.00000000,-0.99920663
-1.00000000,-0.99912533
-1.00000000,-0.99921011
-1.00000000,-1.00035291
-1.00000000,-0.99724602
-1.00000000,-0.99955146
-1.00000000,-0.99907928
-1.00000000,-0.99989918
-1.00000000,-0.99997407
-1.00000000,-0.99897965
-1.00000000,-0.99975131
-1.00000000,-1.00030907
-1.00000000,-1.00052642
-1.00000000,-0.99971491
-1.00000000,-1.00050840
-1.00000000,-1.00037877
-1.00000000,-1.00058072
-1.00000000,-0.99848298
-1.00000000,-1.00016097
-1.00000000,-1.00087977
-1.00000000,-0.99934829
-1.00000000,-0.99979550
-1.00000000,-0.99843165
-1.00000000,-0.99905174
-1.00000000,-0.99987504
-1.00000000,-0.99954096
-1.00000000,-0.99963056
-1.00000000,-1.00049222
-1.00000000,-1.00051626
-1.00000000,-1.00164782
-1.00000000,-0.99940337
-1.00000000,-0.99876795
-1.00000000,-1.00099670
-1.00000000,-1.00093932
-1.00000000,-1.00161651
-1.00000000,-1.00130531
-1.00000000,-1.00025354
-1.00000000,-1.00173866
-1.00000000,-0.99973164
-1.00000000,-1.00055098
-1.00000000,-1.00083983
-1.00000000,-1.00120345
-1.00000000,-1.00032337
-1.00000000,-0.99997569
-1.00000000,-1.00203099
-1.00000000,-1.00072595
-1.00000000,-0.99987883
-1.00000000,-0.99967414
-1.00000000,-1.00066294
-1.00000000,-0.99987998
-1.00000000,-0.99936814
-1.00000000,-0.99960464
-1.00000000,-0.99957306
-1.00000000,-0.99956377
-1.00000000,-0.99976797
-1.00000000,-1.00013023
-1.00000000,-0.99978538
-1.00000000,-0.99982270
-1.00000000,-0.99955468
-1.00000000,-1.00001968
-1.00000000,-0.99992100
-1.00000000,-1.00008063
-1.00000000,-1.00031517
-1.00000000,-0.99915959
-1.00000000,-0.99997986
-1.00000000,-0.99981237
-1.00000000,-0.99972724
-1.00000000,-1.00013099
-1.00000000,-0.99965417
-1.00000000,-1.00067044
-1.00000000,-1.00050107
-1.00000000,-0.99915888
-1.00000000,-0.99986333
-1.00000000,-1.00037771
-1.00000000,-1.00054915
-1.00000000,-1.00060333
-1.00000000,-1.00080415
-1.00000000,-1.00029740
-1.00000000,-1.00190516
-1.00000000,-1.00054415
-1.00000000,-1.00052138
-1.00000000,-1.00095934
-1.00000000,-1.00084031
-1.00000000,-1.00165490
-1.00000000,-1.00131672
-1.00000000,-1.00219800
-1.00000000,-1.00128364
-1.00000000,-1.00040574
-1.00000000,-1.00111737
-1.00000000,-1.00117068
-1.00000000,-1.00095433
-1.00000000,-1.00202684
-1.00000000,-1.00106174
-1.00000000,-0.99960676
-1.00000000,-1.00033189
-1.00000000,-1.00046530
-1.00000000,-1.00077775
-1.00000000,-1.00010189
-1.00000000,-0.99960804
-1.00000000,-0.99957109
-1.00000000,-1.00061699
-1.00000000,-0.99996296
-1.00000000,-1.00032251
-1.00000000,-1.00013714
-1.00000000,-1.00022214
-1.00000000,-0.99807007
-1.00000000,-0.99992131
-1.00000000,-1.00025920
-1.00000000,-0.99852795
-1.00000000,-0.99936940
-1.00000000,-1.00001576
-1.00000000,-0.99898938
-1.00000000,-0.99961893
-1.00000000,-0.99918740
-1.00000000,-1.00081098
-1.00000000,-1.00000008
-1.00000000,-0.99848413
-1.00000000,-0.99855685
-1.00000000,-0.99935797
-1.00000000,-0.99826652
-1.00000000,-0.99907558
-1.00000000,-0.99875477
-1.00000000,-0.99920312
-1.00000000,-0.99901801
-1.00000000,-0.99951092
-1.00000000,-0.99968942
-1.00000000,-0.99832139
-1.00000000,-0.99927466
-1.00000000,-0.99889732
-1.00000000,-0.99857032
-1.00000000,-0.99880533
-1.00000000,-0.99936721
-1.00000000,-0.99862340
-1.00000000,-0.99904613
-1.00000000,-0.99832004
-1.00000000,-0.99947713
-1.00000000,-0.99962541
-1.00000000,-1.00047268
-1.00000000,-1.00060046
-1.00000000,-1.00155446
-1.00000000,-1.00037335
-1.00000000,-1.00082179
-1.00000000,-0.99967182
-1.00000000,-1.00005473
-1.00000000,-1.00111830
-1.00000000,-1.00135676
-1.00000000,-0.99977622
-1.00000000,-1.00004897
-1.00000000,-1.00112523
-1.00000000,-1.00031817
-1.00000000,-1.00003505
-1.00000000,-1.00112367
-1.00000000,-1.00085055
-1.00000000,-1.00010145
-1.00000000,-0.99874945
-1.00000000,-1.00010663
-1.00000000,-1.00067484
-1.00000000,-1.00024057
-1.00000000,-1.00099783
-1.00000000,-1.00134640
-1.00000000,-1.00012651
-1.00000000,-1.00045002
-1.00000000,-1.00131548
-1.00000000,-1.00143871
-1.00000000,-1.00020436
-1.00000000,-0.99883504
-1.00000000,-1.00015267
-1.00000000,-0.99941997
-1.00000000,-1.00034479
-1.00000000,-0.99915929
-1.00000000,-0.99907114
-1.00000000,-0.99950318
-1.00000000,-0.99979346
-1.00000000,-0.99918834
-1.00000000,-0.99885996
-1.00000000,-0.99830970
-1.00000000,-0.99932837
-1.00000000,-0.99928251
-1.00000000,-0.99922940
-1.00000000,-0.99866016
-1.00000000,-0.99969435
-1.00000000,-0.99966120
-1.00000000,-0.99992907
-1.00000000,-0.99905444
-1.00000000,-0.99912757
-1.00000000,-1.00013119
-1.00000000,-0.99897846
-1.00000000,-0.99874790
-1.00000000,-1.00022908
-1.00000000,-0.99949041
-1.00000000,-1.00014785
-1.00000000,-1.00055276
-1.00000000,-1.00052115
-1.00000000,-0.99964314
-1.00000000,-0.99888858
-1.00000000,-1.00016756
-1.00000000,-1.00002066
-1.00000000,-1.00000817
-1.00000000,-0.99945557
-1.00000000,-1.00100859
-1.00000000,-0.99928838
-1.00000000,-0.99893553
-1.00000000,-0.99934263
-1.00000000,-0.99982005
-1.00000000,-0.99988064
-1.00000000,-0.99943818
-1.00000000,-0.99832300
-1.00000000,-0.99853139
-1.00000000,-0.99980338
-1.00000000,-0.99958058
-1.00000000,-0.99832145
-1.00000000,-1.00008937
-1.00000000,-0.99879192
-1.00000000,-0.99894533
-1.00000000,-0.99897498
-1.00000000,-0.99867122
-1.00000000,-0.99912415
-1.00000000,-1.00084409
-1.00000000,-0.99894592
-1.00000000,-0.99943883
-1.00000000,-0.99953480
-1.00000000,-0.99883096
-1.00000000,-1.00025938
-1.00000000,-1.00056297
-1.00000000,-1.00053361
-1.00000000,-0.99961452
-1.00000000,-1.00070463
-1.00000000,-1.00037732
-1.00000000,-0.99858013
-1.00000000,-0.99904189
-1.00000000,-0.99981476
-1.00000000,-0.99912410
-1.00000000,-1.00037771
-1.00000000,-1.00098025
-1.00000000,-0.99898670
-1.00000000,-0.99945968
-1.00000000,-0.99942839
-1.00000000,-1.00018384
-1.00000000,-1.00066935
-1.00000000,-1.00024694
-1.00000000,-1.00002016
-1.00000000,-1.00137660
-1.00000000,-1.00014957
-1.00000000,-0.99909191
-1.00000000,-1.00110253
-1.00000000,-1.00086112
-1.00000000,-0.99957489
-1.00000000,-0.99993749
-1.00000000,-0.99912036
-1.00000000,-0.99848342
-1.00000000,-0.99854045
-1.00000000,-0.99822896
-1.00000000,-0.99823450
-1.00000000,-0.99844886
-1.00000000,-0.99962412
-1.00000000,-0.99940995
-1.00000000,-1.00010297
-1.00000000,-0.99997695
-1.00000000,-0.99934418
-1.00000000,-0.99886775
-1.00000000,-0.99960627
-1.00000000,-0.99880112
-1.00000000,-0.99984980
-1.00000000,-1.00037879
-1.00000000,-1.00152512
-1.00000000,-0.99973933
-1.00000000,-0.99949805
-1.00000000,-1.00064634
-1.00000000,-0.99985876
-1.00000000,-1.00051358
-1.00000000,-0.99962766
-1.00000000,-1.00019682
-1.00000000,-0.99955157
-1.00000000,-1.00084217
-1.00000000,-0.99955413
-1.00000000,-0.99908179
-1.00000000,-0.99990912
-1.00000000,-1.00002194
-1.00000000,-1.00096279
-1.00000000,-1.00096400
-1.00000000,-1.00059374
-1.00000000,-1.00035296
-1.00000000,-1.00043537
-1.00000000,-1.00032847
-1.00000000,-1.00002525
-1.00000000,-0.99942477
-1.00000000,-0.99968952
-1.00000000,-1.00005543
-1.00000000,-1.00035242
-1.00000000,-1.00077515
-1.00000000,-1.00132751
-1.00000000,-1.00075320
-1.00000000,-1.00028483
-1.00000000,-0.99864273
-1.00000000,-1.00050265
-1.00000000,-0.99880036
-1.00000000,-0.99914622
-1.00000000,-1.00034515
-1.00000000,-0.99981939
-1.00000000,-1.00031030
-1.00000000,-0.99950644
-1.00000000,-1.00030224
-1.00000000,-0.99948997
-1.00000000,-0.99887550
-1.00000000,-0.99960163
-1.00000000,-1.00034060
-1.00000000,-1.00014549
-1.00000000,-0.99991316
-1.00000000,-0.99992276
-1.00000000,-0.99929584
-1.00000000,-0.99916368
-1.00000000,-0.99981677
-1.00000000,-0.99968916
-1.00000000,-1.00023803
-1.00000000,-1.00109187
-1.00000000,-1.00087988
-1.00000000,-1.00045475
-1.00000000,-1.00027496
-1.00000000,-1.00151968
-1.00000000,-0.99987934
-1.00000000,-1.00026885
-1.00000000,-1.00029569
-1.00000000,-1.00049724
-1.00000000,-1.00135471
-1.00000000,-0.99966102
-1.00000000,-1.00194600
-1.00000000,-1.00077363
-1.00000000,-1.00219095
-1.00000000,-1.00005375
-1.00000000,-1.00088038
-1.00000000,-1.00075127
-1.00000000,-1.00009501
-1.00000000,-0.99978915
-1.00000000,-1.00069595
-1.00000000,-1.00239975
-1.00000000,-1.00098979
-1.00000000,-1.00066020
-1.00000000,-1.00104207
-1.00000000,-1.00109202
-1.00000000,-1.00092709
-1.00000000,-1.00101130
-1.00000000,-1.00122176
-1.00000000,-1.00013439
-1.00000000,-1.00055944
-1.00000000,-1.00009754
-1.00000000,-1.00127188
-1.00000000,-1.00104853
-1.00000000,-1.00079665
-1.00000000,-0.99947722
-1.00000000,-1.00046186
-1.00000000,-0.99984519
-1.00000000,-1.00125503
-1.00000000,-0.99939569
-1.00000000,-1.00061374
-1.00000000,-0.99948644
-1.00000000,-0.99948529
-1.00000000,-1.00003747
-1.00000000,-0.99989174
-1.00000000,-0.99958360
-1.00000000,-0.99889124
-1.00000000,-0.99974050
-1.00000000,-0.99922184
-1.00000000,-0.99930633
-1.00000000,-0.99983695
-1.00000000,-0.99978040
-1.00000000,-1.00026262
-1.00000000,-0.99939974
-1.00000000,-0.99939200
-1.00000000,-0.99908132
-1.00000000,-0.99922109
-1.00000000,-0.99987240
-1.00000000,-0.99958085
-1.00000000,-0.99987620
-1.00000000,-1.00027500
-1.00000000,-0.99930387
-1.00000000,-0.99927819
-1.00000000,-0.99876400
-1.00000000,-0.99737516
-1.00000000,-0.99739870
-1.00000000,-0.99867525
-1.00000000,-0.99832250
-1.00000000,-0.99930922
-1.00000000,-1.00056266
-1.00000000,-0.99985527
-1.00000000,-0.99891886
-1.00000000,-0.99981310
-1.00000000,-0.99932135
-1.00000000,-0.99940849
-1.00000000,-0.99882616
-1.00000000,-1.00077818
-1.00000000,-1.00066385
-1.00000000,-1.00024482
-1.00000000,-1.00046151
-1.00000000,-0.99999595
-1.00000000,-0.99993934
-1.00000000,-0.99960685
-1.00000000,-0.99903204
-1.00000000,-1.00035127
-1.00000000,-0.99971833
-1.00000000,-0.99993950
-1.00000000,-0.99973149
-1.00000000,-1.00102418
-1.00000000,-1.00010225
-1.00000000,-1.00007942
-1.00000000,-0.99975893
-1.00000000,-0.99993381
-1.00000000,-1.00058577
-1.00000000,-1.00130024
-1.00000000,-1.00055210
-1.00000000,-1.00138800
-1.00000000,-1.00106687
-1.00000000,-1.00040536
-1.00000000,-0.99979827
-1.00000000,-0.99940138
-1.00000000,-0.99989913
-1.00000000,-1.00083878
-1.00000000,-1.00136890
-1.00000000,-1.00022643
-1.00000000,-1.00090261
-1.00000000,-1.00080804
-1.00000000,-1.00084344
-1.00000000,-1.00007108
-1.00000000,-1.00004510
-1.00000000,-1.00025461
-1.00000000,-0.99944328
-1.00000000,-0.99987316
-1.00000000,-0.99975371
-1.00000000,-0.99963496
-1.00000000,-0.99984918
-1.00000000,-0.99916330
-1.00000000,-0.99981346
-1.00000000,-1.00036616
-1.00000000,-1.00178858
-1.00000000,-1.00093192
-1.00000000,-1.00081261
-1.00000000,-1.00096824
-1.00000000,-0.99921318
-1.00000000,-0.99900340
-1.00000000,-0.99904403
-1.00000000,-0.99966093
-1.00000000,-0.99961655
-1.00000000,-1.00080619
-1.00000000,-1.00158573
-1.00000000,-1.00128269
-1.00000000,-1.00073205
-1.00000000,-1.00192071
-1.00000000,-1.00014352
-1.00000000,-1.00030851
-1.00000000,-1.00071172
-1.00000000,-1.00082693
-1.00000000,-1.00011597
-1.00000000,-1.00099261
-1.00000000,-0.99940844
-1.00000000,-1.00029705
-1.00000000,-1.00105829
-1.00000000,-1.00035256
-1.00000000,-1.00038336
-1.00000000,-1.00019729
-1.00000000,-0.99958905
-1.00000000,-0.99988988
-1.00000000,-0.99983392
-1.00000000,-0.99980728
-1.00000000,-1.00010058
-1.00000000,-1.00136600
-1.00000000,-0.99984922
-1.00000000,-1.00010388
-1.00000000,-1.00008603
-1.00000000,-0.99943989
-1.00000000,-0.99999815
-1.00000000,-1.00106847
-1.00000000,-1.00116492
-1.00000000,-1.00136836
-1.00000000,-1.00067331
-1.00000000,-1.00080081
-1.00000000,-0.99980137
-1.00000000,-0.99874483
-1.00000000,-0.99997401
-1.00000000,-1.00037354
-1.00000000,-0.99965935
-1.00000000,-1.00032931
-1.00000000,-1.00108264
-1.00000000,-0.99950504
-1.00000000,-0.99980460
-1.00000000,-1.00097806
-1.00000000,-1.00057636
-1.00000000,-0.99969922
-1.00000000,-0.99944224
-1.00000000,-0.99991453
-1.00000000,-1.00042850
-1.00000000,-1.00122732
-1.00000000,-1.00147356
-1.00000000,-0.99982392
-1.00000000,-1.00062364
-1.00000000,-1.00049895
-1.00000000,-1.00035537
-1.00000000,-1.00049319
-1.00000000,-1.00108111
-1.00000000,-1.00162815
-1.00000000,-1.00078295
-1.00000000,-1.00033262
-1.00000000,-0.99953073
-1.00000000,-0.99922849
-1.00000000,-0.99920371
-1.00000000,-0.99834648
-1.00000000,-0.99820021
-1.00000000,-0.99782856
-1.00000000,-0.99771448
-1.00000000,-0.99863856
-1.00000000,-0.99863138
-1.00000000,-0.99946616
-1.00000000,-0.99839617
-1.00000000,-0.99872397
-1.00000000,-0.99778416
-1.00000000,-0.99891750
-1.00000000,-0.99838796
-1.00000000,-0.99896237
-1.00000000,-0.99852226
-1.00000000,-1.00036515
-1.00000000,-0.99974974
-1.00000000,-0.99994045
-1.00000000,-1.00014047
-1.00000000,-1.00002760
-1.00000000,-0.99921371
-1.00000000,-0.99878832
-1.00000000,-0.99934137
-1.00000000,-0.99972064
-1.00000000,-0.99962235
-1.00000000,-1.00083711
-1.00000000,-1.00181766
-1.00000000,-1.00067295
-1.00000000,-1.00073656
-1.00000000,-1.00061164
-1.00000000,-1.00002381
-1.00000000,-1.00045820
-1.00000000,-1.00029881
-1.00000000,-1.00026819
-1.00000000,-0.99900077
-1.00000000,-0.99849413
-1.00000000,-0.99927145
-1.00000000,-0.99862420
-1.00000000,-1.00001923
-1.00000000,-0.99899485
-1.00000000,-0.99921969
-1.00000000,-0.99966654
-1.00000000,-1.00026664
-1.00000000,-1.00095640
-1.00000000,-0.99970461
-1.00000000,-0.99977756
-1.00000000,-1.00068787
-1.00000000,-1.00044279
-1.00000000,-1.00076053
-1.00000000,-1.00129957
-1.00000000,-1.00116246
-1.00000000,-0.99983636
-1.00000000,-1.00029321
-1.00000000,-0.99975724
-1.00000000,-1.00108801
-1.00000000,-1.00110356
-1.00000000,-1.00181677
-1.00000000,-1.00035459
-1.00000000,-0.99985949
-1.00000000,-1.00087730
-1.00000000,-0.99897987
-1.00000000,-0.99937626
-1.00000000,-1.00053349
-1.00000000,-1.00122227
-1.00000000,-1.00104075
-1.00000000,-1.00113202
-1.00000000,-1.00072004
-1.00000000,-0.99957836
-1.00000000,-1.00103123
-1.00000000,-1.00029456
-1.00000000,-0.99950540
-1.00000000,-1.00054703
-1.00000000,-1.00076990
-1.00000000,-0.99988435
-1.00000000,-0.99887333
-1.00000000,-1.00018319
-1.00000000,-0.99894313
-1.00000000,-1.00159352
-1.00000000,-1.00044779
-1.00000000,-1.00035901
-1.00000000,-1.00085304
-1.00000000,-1.00034864
-1.00000000,-0.99870735
-1.00000000,-1.00060351
-1.00000000,-1.00000019
-1.00000000,-0.99910456
-1.00000000,-0.99942973
-1.00000000,-1.00024345
-1.00000000,-1.00053368
-1.00000000,-0.99957057
-1.00000000,-1.00110488
-1.00000000,-1.00013783
-1.00000000,-1.00091874
-1.00000000,-1.00102610
-1.00000000,-0.99964705
-1.00000000,-1.00045084
-1.00000000,-0.99954181
-1.00000000,-0.99918077
-1.00000000,-0.99942740
-1.00000000,-0.99926937
-1.00000000,-0.99986302
-1.00000000,-0.99862351
-1.00000000,-0.99833960
-1.00000000,-0.99882172
-1.00000000,-0.99986648
-1.00000000,-0.99915611
-1.00000000,-0.99911538
-1.00000000,-0.99924937
-1.00000000,-0.99909148
-1.00000000,-0.99905831
-1.00000000,-0.99901008
-1.00000000,-0.99833585
-1.00000000,-0.99775586
-1.00000000,-0.99943119
-1.00000000,-0.99866563
-1.00000000,-0.99825588
-1.00000000,-0.99885434
-1.00000000,-0.99979818
-1.00000000,-0.99982821
-1.00000000,-1.00030994
-1.00000000,-1.00054104
-1.00000000,-0.99877403
-1.00000000,-0.99974426
-1.00000000,-1.00020773
-1.00000000,-0.99970433
-1.00000000,-0.99941177
-1.00000000,-0.99945856
-1.00000000,-0.99924357
-1.00000000,-1.00018369
-1.00000000,-1.00036471
-1.00000000,-1.00070949
-1.00000000,-1.00176699
-1.00000000,-0.99977894
-1.00000000,-1.00009864
-1.00000000,-1.00124547
-1.00000000,-1.00093384
-1.00000000,-1.00003793
-1.00000000,-0.99969806
-1.00000000,-1.00078911
-1.00000000,-0.99933946
-1.00000000,-0.99904800
-1.00000000,-0.99911244
-1.00000000,-1.00094357
-1.00000000,-0.99964778
-1.00000000,-1.00070458
-1.00000000,-0.99968391
-1.00000000,-0.99985523
-1.00000000,-1.00012860
-1.00000000,-1.00071132
-1.00000000,-0.99950041
-1.00000000,-1.00143697
-1.00000000,-1.00074854
-1.00000000,-1.00108326
-1.00000000,-1.00108525
-1.00000000,-0.99937258
-1.00000000,-1.00116298
-1.00000000,-1.00073792
-1.00000000,-0.99980002
-1.00000000,-1.00057865
-1.00000000,-0.99974109
-1.00000000,-0.99993733
-1.00000000,-0.99844855
-1.00000000,-0.99956975
-1.00000000,-1.00033542
-1.00000000,-0.99986960
-1.00000000,-1.00021163
-1.00000000,-1.00120179
-1.00000000,-1.00084341
-1.00000000,-1.00067383
-1.00000000,-1.00077447
-1.00000000,-1.00048616
-1.00000000,-1.00001133
-1.00000000,-0.99961879
-1.00000000,-0.99976419
-1.00000000,-1.00031572
-1.00000000,-1.00036446
-1.00000000,-1.00017201
-1.00000000,-1.00056806
-1.00000000,-1.00130487
-1.00000000,-0.99991328
-1.00000000,-0.99873825
-1.00000000,-0.99935393
-1.00000000,-0.99950941
-1.00000000,-1.00048120
-1.00000000,-1.00074377
-1.00000000,-1.00119355
-1.00000000,-0.99910593
-1.00000000,-0.99951765
-1.00000000,-1.00058790
-1.00000000,-0.99969882
-1.00000000,-0.99881072
-1.00000000,-0.99985953
-1.00000000,-0.99956398
-1.00000000,-1.00036703
-1.00000000,-0.99905061
-1.00000000,-0.99859902
-1.00000000,-0.99970459
-1.00000000,-0.99990134
-1.00000000,-0.99968389
-1.00000000,-0.99906050
-1.00000000,-0.99933526
-1.00000000,-0.99907822
-1.00000000,-1.00034734
-1.00000000,-1.00094434
-1.00000000,-0.99991319
-1.00000000,-0.99967210
-1.00000000,-0.99948392
-1.00000000,-0.99980972
-1.00000000,-0.99994222
-1.00000000,-1.00051608
-1.00000000,-0.99970961
-1.00000000,-1.00007905
-1.00000000,-0.99959198
-1.00000000,-0.99938770
-1.00000000,-0.99876606
-1.00000000,-0.99947950
-1.00000000,-0.99840065
-1.00000000,-0.99998770
-1.00000000,-0.99987700
-1.00000000,-1.00030176
-1.00000000,-1.00048618
-1.00000000,-0.99941613
-1.00000000,-0.99906664
-1.00000000,-0.99936194
-1.00000000,-1.00050099
-1.00000000,-0.99938664
-1.00000000,-0.99883719
-1.00000000,-0.99921294
-1.00000000,-1.00077039
-1.00000000,-0.99976723
-1.00000000,-0.99930137
-1.00000000,-0.99994517
-1.00000000,-0.99899067
-1.00000000,-0.99942284
-1.00000000,-1.00020321
-1.00000000,-1.00002710
-1.00000000,-0.99977155
-1.00000000,-1.00079046
-1.00000000,-0.99933047
-1.00000000,-1.00003569
-1.00000000,-1.00070960
-1.00000000,-1.00113525
-1.00000000,-1.00090963
-1.00000000,-1.00001160
-1.00000000,-1.00169040
-1.00000000,-1.00161901
-1.00000000,-1.00053886
-1.00000000,-1.00073231
-1.00000000,-0.99959070
-1.00000000,-0.99972787
-1.00000000,-1.00124832
-1.00000000,-0.99973325
-1.00000000,-0.99898725
-1.00000000,-1.00013433
-1.00000000,-0.99990483
-1.00000000,-0.99927276
-1.00000000,-0.99951889
-1.00000000,-0.99919320
-1.00000000,-1.00002821
-1.00000000,-1.00030401
-1.00000000,-1.00024328
-1.00000000,-1.00097176
-1.00000000,-0.99987808
-1.00000000,-0.99936799
-1.00000000,-1.00075164
-1.00000000,-1.00017585
-1.00000000,-0.99989815
-1.00000000,-0.99800623
-1.00000000,-0.99865388
-1.00000000,-0.99858748
-1.00000000,-0.99905826
-1.00000000,-0.99980539
-1.00000000,-0.99980965
-1.00000000,-1.00052293
-1.00000000,-0.99988120
-1.00000000,-0.99911094
-1.00000000,-0.99836439
-1.00000000,-0.99859671
-1.00000000,-1.00006931
-1.00000000,-0.99886783
-1.00000000,-0.99932376
-1.00000000,-0.99998020
-1.00000000,-0.99988880
-1.00000000,-0.99986401
-1.00000000,-1.00012617
-1.00000000,-1.00054852
-1.00000000,-0.99982328
-1.00000000,-1.00092002
-1.00000000,-1.00058501
-1.00000000,-1.00052281
-1.00000000,-1.00021756
-1.00000000,-0.99970982
-1.00000000,-0.99995733
-1.00000000,-0.99950563
-1.00000000,-0.99977491
-1.00000000,-0.99897696
-1.00000000,-1.00004154
-1.00000000,-1.00187412
-1.00000000,-1.00122713
-1.00000000,-1.00118166
-1.00000000,-1.00031940
-1.00000000,-1.00024528
-1.00000000,-1.00034022
-1.00000000,-1.00053499
-1.00000000,-1.00057081
-1.00000000,-0.99991305
-1.00000000,-0.99995625
-1.00000000,-0.99984338
-1.00000000,-1.00018534
-1.00000000,-1.00013060
-1.00000000,-0.99967242
-1.00000000,-0.99968130
-1.00000000,-1.00011919
-1.00000000,-0.99955000
-1.00000000,-0.99903480
-1.00000000,-0.99967559
-1.00000000,-0.99992899
-1.00000000,-0.99907179
-1.00000000,-0.99999569
-1.00000000,-0.99862334
-1.00000000,-1.00124236
-1.00000000,-1.00060453
-1.00000000,-0.99982217
-1.00000000,-0.99950588
-1.00000000,-1.00029171
-1.00000000,-1.00024413
-1.00000000,-0.99910137
-1.00000000,-0.99996001
-1.00000000,-0.99998702
-1.00000000,-0.99884125
-1.00000000,-0.99834762
-1.00000000,-0.99871182
-1.00000000,-0.99927324
-1.00000000,-0.99989640
-1.00000000,-0.99975196
-1.00000000,-0.99930053
-1.00000000,-0.99987274
-1.00000000,-0.99802243
-1.00000000,-1.00069941
-1.00000000,-0.99969437
-1.00000000,-0.99964298
-1.00000000,-0.99985515
-1.00000000,-0.99999246
-1.00000000,-1.00032951
-1.00000000,-0.99922537
-1.00000000,-1.00046726
-1.00000000,-1.00099112
-1.00000000,-1.00048604
-1.00000000,-1.00007177
-1.00000000,-0.99986833
-1.00000000,-1.00119457
-1.00000000,-1.00115283
-1.00000000,-1.00109355
-1.00000000,-0.99949511
-1.00000000,-0.99902203
-1.00000000,-0.99922708
-1.00000000,-1.00002110
-1.00000000,-1.00058808
-1.00000000,-1.00056577
-1.00000000,-1.00071074
-1.00000000,-1.00037743
-1.00000000,-1.00049916
-1.00000000,-0.99881625
-1.00000000,-1.00024193
-1.00000000,-0.99945973
-1.00000000,-0.99902388
-1.00000000,-0.99986831
-1.00000000,-1.00079151
-1.00000000,-0.99970359
-1.00000000,-0.99958701
-1.00000000,-1.00126923
-1.00000000,-1.00005755
-1.00000000,-0.99943483
-1.00000000,-0.99887929
-1.00000000,-0.99930313
-1.00000000,-1.00027316
-1.00000000,-0.99913508
-1.00000000,-1.00107453
-1.00000000,-0.99968383
-1.00000000,-0.99973133
-1.00000000,-0.99891380
-1.00000000,-0.99921080
-1.00000000,-1.00054446
-1.00000000,-1.00086941
-1.00000000,-1.00042081
-1.00000000,-0.99980867
-1.00000000,-1.00013617
-1.00000000,-1.00042009
-1.00000000,-1.00009150
-1.00000000,-1.00066898
-1.00000000,-1.00162063
-1.00000000,-1.00018970
-1.00000000,-1.00099292
-1.00000000,-0.99994258
-1.00000000,-1.00119887
-1.00000000,-1.00099343
-1.00000000,-0.99972679
-1.00000000,-1.00009655
-1.00000000,-1.00017845
-1.00000000,-1.00192627
-1.00000000,-1.00118809
-1.00000000,-0.99969169
-1.00000000,-0.99894951
-1.00000000,-0.99973306
-1.00000000,-0.99956793
-1.00000000,-0.99934778
-1.00000000,-0.99924123
-1.00000000,-0.99890007
-1.00000000,-0.99916692
-1.00000000,-0.99902472
-1.00000000,-0.99866481
-1.00000000,-0.99949140
-1.00000000,-0.99917399
-1.00000000,-0.99843974
-1.00000000,-0.99912863
-1.00000000,-0.99925369
-1.00000000,-0.99950163
-1.00000000,-0.99902374
-1.00000000,-0.99995563
-1.00000000,-0.99929719
-1.00000000,-1.00073198
-1.00000000,-0.99966378
-1.00000000,-1.00097828
-1.00000000,-1.00014598
-1.00000000,-1.00036368
-1.00000000,-0.99978234
-1.00000000,-1.00002635
-1.00000000,-1.00011739
-1.00000000,-0.99941951
-1.00000000,-0.99911586
-1.00000000,-0.99958683
-1.00000000,-0.99880638
-1.00000000,-0.99919989
-1.00000000,-0.99927644
-1.00000000,-0.99901361
-1.00000000,-0.99832068
-1.00000000,-0.99895942
-1.00000000,-0.99829929
-1.00000000,-0.99890823
-1.00000000,-0.99932179
-1.00000000,-0.99936736
-1.00000000,-1.00025110
-1.00000000,-1.00094570
-1.00000000,-1.00154602
-1.00000000,-1.00123984
-1.00000000,-0.99970693
-1.00000000,-0.99996458
-1.00000000,-0.99995342
-1.00000000,-1.00004335
-1.00000000,-0.99900538
-1.00000000,-1.00066844
-1.00000000,-1.00108134
-1.00000000,-1.00111607
-1.00000000,-1.00228459
-1.00000000,-0.99985685
-1.00000000,-1.00088906
-1.00000000,-1.00102419
-1.00000000,-1.00016988
-1.00000000,-1.00044596
-1.00000000,-1.00125884
-1.00000000,-1.00173178
-1.00000000,-1.00168272
-1.00000000,-1.00048592
-1.00000000,-1.00146699
-1.00000000,-1.00000444
-1.00000000,-0.99992330
-1.00000000,-1.00062602
-1.00000000,-1.00094838
-1.00000000,-1.00105974
-1.00000000,-0.99973786
-1.00000000,-1.00024132
-1.00000000,-0.99888474
-1.00000000,-1.00006339
-1.00000000,-1.00034505
-1.00000000,-0.99930571
-1.00000000,-0.99852857
-1.00000000,-0.99877221
-1.00000000,-0.99920983
-1.00000000,-0.99867523
-1.00000000,-0.99804162
-1.00000000,-0.99836568
-1.00000000,-0.99920910
-1.00000000,-0.99824180
-1.00000000,-0.99922352
-1.00000000,-0.99886767
-1.00000000,-0.99894312
-1.00000000,-0.99983619
-1.00000000,-0.99866224
-1.00000000,-0.99820755
-1.00000000,-1.00089321
-1.00000000,-0.99937942
-1.00000000,-0.99999769
-1.00000000,-0.99974816
-1.00000000,-0.99964417
-1.00000000,-0.99962225
-1.00000000,-0.99949360
-1.00000000,-0.99939114
-1.00000000,-0.99863221
-1.00000000,-0.99859418
-1.00000000,-0.99944306
-1.00000000,-0.99863060
-1.00000000,-0.99946724
-1.00000000,-0.99989715
-1.00000000,-1.00020521
-1.00000000,-1.00009882
-1.00000000,-0.99845703
-1.00000000,-0.99875380
-1.00000000,-0.99956018
-1.00000000,-0.99940887
-1.00000000,-0.99935450
-1.00000000,-0.99827493
-1.00000000,-0.99992953
-1.00000000,-0.99955269
-1.00000000,-0.99918600
-1.00000000,-0.99984441
-1.00000000,-0.99920500
-1.00000000,-0.99896230
-1.00000000,-0.99859208
-1.00000000,-0.99834836
-1.00000000,-0.99997829
-1.00000000,-1.00027765
-1.00000000,-1.00046710
-1.00000000,-0.99968424
-1.00000000,-0.99887121
-1.00000000,-0.99975234
-1.00000000,-0.99972885
-1.00000000,-0.99907282
-1.00000000,-0.99913395
-1.00000000,-0.99849298
-1.00000000,-0.99959477
-1.00000000,-0.99905628
-1.00000000,-1.00089819
-1.00000000,-1.00067998
-1.00000000,-1.00019395
-1.00000000,-0.99979306
-1.00000000,-1.00077772
-1.00000000,-0.99959101
-1.00000000,-0.99989686
-1.00000000,-0.99946447
-1.00000000,-1.00044611
-1.00000000,-1.00094157
-1.00000000,-1.00084792
-1.00000000,-1.00101568
-1.00000000,-1.00048975
-1.00000000,-0.99994540
-1.00000000,-1.00068478
-1.00000000,-1.00040456
-1.00000000,-0.99927378
-1.00000000,-0.99873648
-1.00000000,-0.99846894
-1.00000000,-0.99861060
-1.00000000,-1.00023409
-1.00000000,-1.00116208
-1.00000000,-0.99957645
-1.00000000,-0.99993700
-1.00000000,-1.00139098
-1.00000000,-0.99989287
-1.00000000,-1.00134780
-1.00000000,-1.00177011
-1.00000000,-1.00009539
-1.00000000,-1.00117351
-1.00000000,-1.00098920
-1.00000000,-0.99967700
-1.00000000,-0.99990881
-1.00000000,-0.99981190
-1.00000000,-0.99928023
-1.00000000,-0.99850903
-1.00000000,-0.99891831
-1.00000000,-0.99947236
-1.00000000,-0.99940939
-1.00000000,-1.00056489
-1.00000000,-1.00013469
-1.00000000,-0.99995644
-1.00000000,-0.99999313
-1.00000000,-0.99849604
-1.00000000,-0.99829104
-1.00000000,-1.00001072
-1.00000000,-1.00055512
-1.00000000,-0.99991519
-1.00000000,-0.99910768
-1.00000000,-0.99864579
-1.00000000,-0.99988310
-1.00000000,-1.00036212
-1.00000000,-0.99980277
-1.00000000,-1.00036018
-1.00000000,-1.00134190
-1.00000000,-0.99997332
-1.00000000,-0.99981906
-1.00000000,-0.99973072
-1.00000000,-1.00011091
-1.00000000,-1.00078326
-1.00000000,-1.00024079
-1.00000000,-1.00012584
-1.00000000,-1.00003180
-1.00000000,-1.00061180
-1.00000000,-1.00100820
-1.00000000,-1.00054433
-1.00000000,-0.99979849
-1.00000000,-1.00065703
-1.00000000,-1.00230230
-1.00000000,-0.99974778
-1.00000000,-0.99982056
-1.00000000,-1.00071814
-1.00000000,-1.00032483
-1.00000000,-1.00000352
-1.00000000,-1.00042067
-1.00000000,-1.00068837
-1.00000000,-1.00062661
-1.00000000,-1.00025926
-1.00000000,-0.99967045
-1.00000000,-0.99955132
-1.00000000,-1.00060644
-1.00000000,-0.99855455
-1.00000000,-0.99909698
-1.00000000,-0.99939824
-1.00000000,-0.99930284
-1.00000000,-0.99975950
-1.00000000,-0.99851615
-1.00000000,-0.99893909
-1.00000000,-0.99948863
-1.00000000,-0.99892809
-1.00000000,-0.99958649
-1.00000000,-0.99916425
-1.00000000,-0.99913101
-1.00000000,-0.99936111
-1.00000000,-0.99890786
-1.00000000,-0.99907413
-1.00000000,-0.99938441
-1.00000000,-0.99959405
-1.00000000,-1.00001230
-1.00000000,-0.99984795
-1.00000000,-1.00054351
-1.00000000,-1.00144713
-1.00000000,-1.00047768
-1.00000000,-1.00060158
-1.00000000,-1.00048555
-1.00000000,-1.00018319
-1.00000000,-0.99939582
-1.00000000,-0.99950130
-1.00000000,-1.00066465
-1.00000000,-1.00050708
-1.00000000,-0.99941141
-1.00000000,-1.00103225
-1.00000000,-1.00115768
-1.00000000,-1.00097783
-1.00000000,-1.00112551
-1.00000000,-1.00017771
-1.00000000,-1.00109154
-1.00000000,-1.00080362
-1.00000000,-0.99965838
-1.00000000,-0.99955847
-1.00000000,-0.99953809
-1.00000000,-0.99981501
-1.00000000,-1.00028375
-1.00000000,-1.00053296
-1.00000000,-1.00040001
-1.00000000,-1.00034136
-1.00000000,-0.99975711
-1.00000000,-1.00029675
-1.00000000,-1.00096966
-1.00000000,-0.99989231
-1.00000000,-0.99927724
-1.00000000,-0.99969432
-1.00000000,-1.00100094
-1.00000000,-1.00120478
-1.00000000,-1.00073146
-1.00000000,-0.99988786
-1.00000000,-0.99932030
-1.00000000,-1.00060426
-1.00000000,-0.99960854
-1.00000000,-0.99915158
-1.00000000,-0.99925726
-1.00000000,-0.99850168
-1.00000000,-0.99951869
-1.00000000,-0.99876716
-1.00000000,-0.99987167
-1.00000000,-0.99977641
-1.00000000,-0.99913379
-1.00000000,-0.99852608
-1.00000000,-0.99957450
-1.00000000,-1.00060485
-1.00000000,-0.99998753
-1.00000000,-1.00072362
-1.00000000,-0.99986603
-1.00000000,-0.99996638
-1.00000000,-0.99944042
-1.00000000,-1.00166948
-1.00000000,-1.00018245
-1.00000000,-1.00093465
-1.00000000,-0.99989244
-1.00000000,-1.00090027
-1.00000000,-0.99952786
-1.00000000,-1.00095451
-1.00000000,-1.00047768
-1.00000000,-1.00042201
-1.00000000,-1.00033763
-1.00000000,-0.99991807
-1.00000000,-1.00119276
-1.00000000,-0.99941286
-1.00000000,-0.99959983
-1.00000000,-0.99873582
-1.00000000,-0.99817650
-1.00000000,-0.99988891
-1.00000000,-1.00043689
-1.00000000,-0.99948638
-1.00000000,-0.99928431
-1.00000000,-0.99980145
-1.00000000,-0.99877525
-1.00000000,-0.99970295
-1.00000000,-0.99928993
-1.00000000,-0.99941515
-1.00000000,-0.99917003
-1.00000000,-1.00004622
-1.00000000,-0.99974180
-1.00000000,-1.00085863
-1.00000000,-0.99944368
-1.00000000,-1.00040332
-1.00000000,-1.00012767
-1.00000000,-0.99984034
-1.00000000,-1.00037977
-1.00000000,-0.99940134
-1.00000000,-0.99998169
-1.00000000,-0.99941514
-1.00000000,-1.00052522
-1.00000000,-0.99968264
-1.00000000,-0.99875908
-1.00000000,-0.99940792
-1.00000000,-0.99938850
-1.00000000,-1.00063685
-1.00000000,-0.99942519
-1.00000000,-0.99929797
-1.00000000,-1.00082149
-1.00000000,-1.00037986
-1.00000000,-1.00090119
-1.00000000,-0.99995238
-1.00000000,-1.00033465
-1.00000000,-0.99945375
-1.00000000,-1.00044314
-1.00000000,-0.99989531
-1.00000000,-0.99974356
-1.00000000,-1.00094794
-1.00000000,-0.99994785
-1.00000000,-1.00032723
-1.00000000,-1.00058017
-1.00000000,-0.99988091
-1.00000000,-0.99975724
-1.00000000,-0.99957794
-1.00000000,-1.00014349
-1.00000000,-1.00083100
-1.00000000,-1.00090802
-1.00000000,-0.99993847
-1.00000000,-1.00162487
-1.00000000,-1.00006206
-1.00000000,-0.99875160
-1.00000000,-1.00151907
-1.00000000,-0.99989507
-1.00000000,-1.00148170
-1.00000000,-1.00002156
-1.00000000,-1.00027380
-1.00000000,-1.00049401
-1.00000000,-1.00029875
-1.00000000,-1.00030770
-1.00000000,-1.00087318
-1.00000000,-1.00130198
-1.00000000,-1.00113424
-1.00000000,-1.00035375
-1.00000000,-1.00240659
-1.00000000,-1.00013511
-1.00000000,-1.00052711
-1.00000000,-1.00143091
-1.00000000,-1.00053890
-1.00000000,-0.99951013
-1.00000000,-1.00138541
-1.00000000,-1.00062014
-1.00000000,-1.00069049
-1.00000000,-1.00052318
-1.00000000,-1.00029257
-1.00000000,-1.00085032
-1.00000000,-1.00072407
-1.00000000,-1.00078952
-1.00000000,-1.00027584
-1.00000000,-1.00030972
-1.00000000,-1.00118266
-1.00000000,-1.00093455
-1.00000000,-1.00080149
-1.00000000,-1.00034860
-1.00000000,-1.00065807
-1.00000000,-0.99985179
-1.00000000,-0.99961561
-1.00000000,-1.00013838
-1.00000000,-1.00053174
-1.00000000,-1.00002380
-1.00000000,-0.99935076
-1.00000000,-0.99940636
-1.00000000,-0.99944420
-1.00000000,-0.99980893
-1.00000000,-0.99949072
-1.00000000,-1.00014533
-1.00000000,-0.99975857
-1.00000000,-0.99980632
-1.00000000,-0.99812106
-1.00000000,-0.99875777
-1.00000000,-0.99931292
-1.00000000,-0.99883914
-1.00000000,-0.99934058
-1.00000000,-0.99879846
-1.00000000,-0.99829715
-1.00000000,-0.99917882
-1.00000000,-1.00015146
-1.00000000,-1.00012712
-1.00000000,-0.99915461
-1.00000000,-0.99851249
-1.00000000,-0.99972175
-1.00000000,-0.99998856
-1.00000000,-0.99951072
-1.00000000,-0.99969219
-1.00000000,-0.99954182
-1.00000000,-0.99882746
-1.00000000,-0.99904489
-1.00000000,-0.99971091
-1.00000000,-0.99953205
-1.00000000,-1.00041127
-1.00000000,-1.00073017
-1.00000000,-1.00054320
-1.00000000,-1.00095848
-1.00000000,-1.00099977
-1.00000000,-1.00116151
-1.00000000,-1.00019715
-1.00000000,-1.00079923
-1.00000000,-1.00064828
-1.00000000,-1.00040737
-1.00000000,-1.00014665
-1.00000000,-0.99964632
-1.00000000,-1.00020825
-1.00000000,-1.00035765
-1.00000000,-1.00072062
-1.00000000,-0.99976686
-1.00000000,-1.00015849
-1.00000000,-0.99964352
-1.00000000,-0.99967517
-1.00000000,-0.99981608
-1.00000000,-0.99874302
-1.00000000,-0.99876305
-1.00000000,-0.99958550
-1.00000000,-1.00032220
-1.00000000,-1.00140625
-1.00000000,-0.99941481
-1.00000000,-0.99967991
-1.00000000,-1.00087776
-1.00000000,-0.99999214
-1.00000000,-0.99895783
-1.00000000,-0.99734127
-1.00000000,-1.00001426
-1.00000000,-1.00020544
-1.00000000,-0.99878706
-1.00000000,-1.00012751
-1.00000000,-0.99901695
-1.00000000,-0.99987958
-1.00000000,-0.99940374
-1.00000000,-0.99897190
-1.00000000,-1.00086662
-1.00000000,-1.00064729
-1.00000000,-1.00076748
-1.00000000,-1.00029275
-1.00000000,-1.00057349
-1.00000000,-1.00105425
-1.00000000,-1.00048528
-1.00000000,-0.99945663
-1.00000000,-1.00139273
-1.00000000,-1.00044269
-1.00000000,-1.00045325
-1.00000000,-1.00100732
-1.00000000,-1.00102797
-1.00000000,-1.00020444
-1.00000000,-0.99882333
-1.00000000,-0.99988900
-1.00000000,-1.00023015
-1.00000000,-0.99990206
-1.00000000,-1.00017594
-1.00000000,-0.99952271
-1.00000000,-0.99898605
-1.00000000,-0.99982545
-1.00000000,-1.00115623
-1.00000000,-1.00010340
-1.00000000,-0.99981657
-1.00000000,-0.99879583
-1.00000000,-1.00027571
-1.00000000,-1.00075738
-1.00000000,-1.00048798
-1.00000000,-1.00058342
-1.00000000,-1.00098391
-1.00000000,-0.99980568
-1.00000000,-1.00006412
-1.00000000,-1.00004608
-1.00000000,-0.99990344
-1.00000000,-1.00013903
-1.00000000,-1.00000460
-1.00000000,-0.99991862
-1.00000000,-1.00029027
-1.00000000,-0.99992962
-1.00000000,-1.00006130
-1.00000000,-1.00070672
-1.00000000,-1.00139359
-1.00000000,-1.00078549
-1.00000000,-0.99897021
-1.00000000,-0.99955302
-1.00000000,-0.99965373
-1.00000000,-1.00041320
-1.00000000,-0.99967393
-1.00000000,-0.99871360
-1.00000000,-0.99994843
-1.00000000,-1.00072161
-1.00000000,-1.00046717
-1.00000000,-1.00031803
-1.00000000,-1.00063703
-1.00000000,-1.00086894
-1.00000000,-1.00066745
-1.00000000,-0.99873379
-1.00000000,-0.99924456
-1.00000000,-0.99868782
-1.00000000,-0.99924530
-1.00000000,-0.99987498
-1.00000000,-1.00039960
-1.00000000,-0.99973247
-1.00000000,-1.00021382
-1.00000000,-0.99975903
-1.00000000,-0.99937936
-1.00000000,-0.99866578
-1.00000000,-0.99950384
-1.00000000,-1.00000721
-1.00000000,-0.99976909
-1.00000000,-0.99802716
-1.00000000,-0.99890720
-1.00000000,-0.99949660
-1.00000000,-0.99967096
-1.00000000,-0.99900623
-1.00000000,-0.99927189
-1.00000000,-1.00087324
-1.00000000,-0.99935518
-1.00000000,-0.99928827
-1.00000000,-1.00003801
-1.00000000,-1.00147294
-1.00000000,-1.00273830
-1.00000000,-1.00031577
-1.00000000,-0.99997915
-1.00000000,-0.99956874
-1.00000000,-1.00201353
-1.00000000,-1.00030048
-1.00000000,-0.99897681
-1.00000000,-0.99951058
-1.00000000,-1.00124990
-1.00000000,-0.99942941
-1.00000000,-0.99963241
-1.00000000,-1.00018847
-1.00000000,-1.00044237
-1.00000000,-1.00055341
-1.00000000,-0.99986294
-1.00000000,-0.99952273
-1.00000000,-0.99969153
-1.00000000,-0.99980035
-1.00000000,-0.99966498
-1.00000000,-0.99955779
-1.00000000,-1.00039139
-1.00000000,-1.00204533
-1.00000000,-1.00132686
-1.00000000,-1.00086915
-1.00000000,-1.00298190
-1.00000000,-1.00301435
-1.00000000,-1.00175841
-1.00000000,-1.00091284
-1.00000000,-0.99999556
-1.00000000,-1.00049115
-1.00000000,-0.99890597
-1.00000000,-0.99938513
-1.00000000,-0.99993698
-1.00000000,-1.00042477
-1.00000000,-1.00104374
-1.00000000,-1.00138920
-1.00000000,-1.00092443
-1.00000000,-1.00123523
-1.00000000,-1.00152562
-1.00000000,-1.00013884
-1.00000000,-1.00072548
-1.00000000,-1.00087208
-1.00000000,-1.00015223
-1.00000000,-1.00044987
-1.00000000,-1.00104456
-1.00000000,-1.00112872
-1.00000000,-1.00156195
-1.00000000,-1.00030392
-1.00000000,-1.00064555
-1.00000000,-0.99998742
-1.00000000,-1.00077075
-1.00000000,-1.00083964
-1.00000000,-1.00123056
-1.00000000,-1.00096488
-1.00000000,-0.99939076
-1.00000000,-0.99932680
-1.00000000,-0.99925521
-1.00000000,-0.99987333
-1.00000000,-0.99947315
-1.00000000,-0.99944909
-1.00000000,-0.99911597
-1.00000000,-0.99806927
-1.00000000,-0.99936041
-1.00000000,-0.99982656
-1.00000000,-0.99906526
-1.00000000,-1.00046223
-1.00000000,-1.00050095
-1.00000000,-0.99993893
-1.00000000,-1.00091337
-1.00000000,-0.99913938
-1.00000000,-0.99844934
-1.00000000,-0.99942947
-1.00000000,-0.99983672
-1.00000000,-1.00000669
-1.00000000,-1.00066763
-1.00000000,-0.99945880
-1.00000000,-1.00008942
-1.00000000,-1.00010162
-1.00000000,-0.99933507
-1.00000000,-0.99936442
-1.00000000,-0.99941628
-1.00000000,-0.99990864
-1.00000000,-0.99971887
-1.00000000,-0.99925910
-1.00000000,-0.99998292
-1.00000000,-0.99999267
-1.00000000,-1.00010219
-1.00000000,-1.00012638
-1.00000000,-1.00016981
-1.00000000,-0.99961092
-1.00000000,-1.00029322
-1.00000000,-0.99849354
-1.00000000,-0.99895635
-1.00000000,-0.99944179
-1.00000000,-0.99980231
-1.00000000,-0.99954049
-1.00000000,-1.00079094
-1.00000000,-1.00041788
-1.00000000,-1.00092511
-1.00000000,-1.00013426
-1.00000000,-1.00040507
-1.00000000,-0.99945190
-1.00000000,-1.00019193
-1.00000000,-0.99864760
-1.00000000,-0.99934103
-1.00000000,-0.99926843
-1.00000000,-0.99932562
-1.00000000,-1.00038440
-1.00000000,-1.00011909
-1.00000000,-1.00132621
-1.00000000,-1.00071250
-1.00000000,-1.00018065
-1.00000000,-0.99846770
-1.00000000,-0.99836381
-1.00000000,-0.99917677
-1.00000000,-1.00024628
-1.00000000,-1.00046507
-1.00000000,-1.00041499
-1.00000000,-1.00043902
-1.00000000,-1.00037985
-1.00000000,-1.00065117
-1.00000000,-0.99963571
-1.00000000,-0.99989150
-1.00000000,-1.00101347
-1.00000000,-0.99999804
-1.00000000,-0.99859584
-1.00000000,-1.00001707
-1.00000000,-1.00033536
-1.00000000,-1.00154630
-1.00000000,-1.00231626
-1.00000000,-1.00013270
-1.00000000,-1.00215553
-1.00000000,-1.00126296
-1.00000000,-1.00096652
-1.00000000,-1.00088037
-1.00000000,-1.00100596
-1.00000000,-1.00087415
-1.00000000,-1.00088423
-1.00000000,-0.99910882
-1.00000000,-0.99942946
-1.00000000,-0.99973846
-1.00000000,-1.00126524
-1.00000000,-0.99976542
-1.00000000,-0.99989594
-1.00000000,-0.99984483
-1.00000000,-1.00106185
-1.00000000,-1.00031753
-1.00000000,-1.00024762
-1.00000000,-1.00074003
-1.00000000,-1.00033656
-1.00000000,-1.00108325
-1.00000000,-1.00057454
-1.00000000,-1.00068992
-1.00000000,-1.00039255
-1.00000000,-0.99853171
-1.00000000,-0.99895058
-1.00000000,-0.99981466
-1.00000000,-0.99893227
-1.00000000,-0.99920764
-1.00000000,-0.99915173
-1.00000000,-0.99973676
-1.00000000,-0.99961287
-1.00000000,-1.00051422
-1.00000000,-0.99911912
-1.00000000,-0.99914847
-1.00000000,-0.99962463
-1.00000000,-0.99858169
-1.00000000,-0.99911163
-1.00000000,-0.99858813
-1.00000000,-0.99896914
-1.00000000,-0.99828584
-1.00000000,-0.99996629
-1.00000000,-1.00013407
-1.00000000,-1.00030722
-1.00000000,-1.00001130
-1.00000000,-1.00016226
-1.00000000,-1.00075105
-1.00000000,-1.00125461
-1.00000000,-1.00014012
-1.00000000,-0.99939399
-1.00000000,-1.00059814
-1.00000000,-1.00033386
-1.00000000,-0.99962962
-1.00000000,-1.00065102
-1.00000000,-0.99979697
-1.00000000,-0.99967810
-1.00000000,-0.99976257
-1.00000000,-1.00107220
-1.00000000,-1.00026409
-1.00000000,-0.99990006
-1.00000000,-1.00045001
-1.00000000,-1.00096098
-1.00000000,-1.00083582
-1.00000000,-1.00095084
-1.00000000,-1.00128488
-1.00000000,-1.00070424
-1.00000000,-1.00067308
-1.00000000,-1.00048195
-1.00000000,-1.00059183
-1.00000000,-0.99989770
-1.00000000,-1.00081772
-1.00000000,-1.00035456
-1.00000000,-0.99976674
-1.00000000,-1.00065990
-1.00000000,-0.99975659
-1.00000000,-1.00071931
-1.00000000,-1.00028076
-1.00000000,-1.00003782
-1.00000000,-1.00154805
-1.00000000,-0.99928366
-1.00000000,-0.99969988
-1.00000000,-0.99963552
-1.00000000,-1.00004640
-1.00000000,-0.99933326
-1.00000000,-0.99991824
-1.00000000,-0.99945701
-1.00000000,-1.00088255
-1.00000000,-0.99937369
-1.00000000,-1.00044552
-1.00000000,-1.00131407
-1.00000000,-1.00017799
-1.00000000,-1.00096328
-1.00000000,-1.00101710
-1.00000000,-1.00077165
-1.00000000,-1.00050667
-1.00000000,-1.00127843
-1.00000000,-0.99919691
-1.00000000,-1.00004713
-1.00000000,-0.99945417
-1.00000000,-0.99851493
-1.00000000,-1.00008246
-1.00000000,-1.00021358
-1.00000000,-1.00042154
-1.00000000,-1.00004530
-1.00000000,-0.99937822
-1.00000000,-1.00034570
-1.00000000,-0.99997564
-1.00000000,-0.99962340
-1.00000000,-0.99837563
-1.00000000,-0.99976044
-1.00000000,-0.99952125
-1.00000000,-0.99931828
-1.00000000,-0.99998797
-1.00000000,-0.99909169
-1.00000000,-0.99949742
-1.00000000,-0.99936899
-1.00000000,-0.99878207
-1.00000000,-0.99821733
-1.00000000,-0.99935176
-1.00000000,-0.99948093
-1.00000000,-0.99982368
-1.00000000,-1.00007619
-1.00000000,-1.00055456
-1.00000000,-0.99863090
-1.00000000,-0.99947918
-1.00000000,-1.00031745
-1.00000000,-0.99894028
-1.00000000,-0.99828205
-1.00000000,-0.99910417
-1.00000000,-0.99975101
-1.00000000,-1.00149713
-1.00000000,-0.99955764
-1.00000000,-0.99925694
-1.00000000,-0.99927004
-1.00000000,-0.99954505
-1.00000000,-0.99994242
-1.00000000,-0.99967150
-1.00000000,-1.00033584
-1.00000000,-0.99968221
-1.00000000,-1.00093129
-1.00000000,-1.00038054
-1.00000000,-1.00022709
-1.00000000,-0.99978633
-1.00000000,-0.99879063
-1.00000000,-1.00069153
-1.00000000,-1.00035447
-1.00000000,-1.00082097
-1.00000000,-0.99969817
-1.00000000,-1.00091959
-1.00000000,-1.00006797
-1.00000000,-1.00084063
-1.00000000,-0.99887765
-1.00000000,-0.99913853
-1.00000000,-0.99985840
-1.00000000,-0.99832814
-1.00000000,-0.99814928
-1.00000000,-0.99909543
-1.00000000,-1.00062712
-1.00000000,-1.00020489
-1.00000000,-0.99892554
-1.00000000,-1.00026453
-1.00000000,-0.99910522
-1.00000000,-0.99918872
-1.00000000,-0.99828159
-1.00000000,-0.99819086
-1.00000000,-0.99959126
-1.00000000,-1.00077071
-1.00000000,-1.00048544
-1.00000000,-0.99978275
-1.00000000,-0.99866722
-1.00000000,-0.99911213
-1.00000000,-1.00036656
-1.00000000,-0.99915215
-1.00000000,-0.99970159
-1.00000000,-1.00017948
-1.00000000,-0.99925206
-1.00000000,-0.99898300
-1.00000000,-0.99830781
-1.00000000,-0.99872499
-1.00000000,-0.99853800
-1.00000000,-0.99895353
-1.00000000,-0.99881119
-1.00000000,-0.99915645
-1.00000000,-0.99925963
-1.00000000,-0.99868795
-1.00000000,-1.00003474
-1.00000000,-1.00039592
-1.00000000,-1.00020505
-1.00000000,-1.00045642
-1.00000000,-0.99943012
-1.00000000,-1.00073967
-1.00000000,-1.00021085
-1.00000000,-1.00043471
-1.00000000,-1.00154183
-1.00000000,-1.00121085
-1.00000000,-1.00119320
-1.00000000,-1.00119670
-1.00000000,-0.99964687
-1.00000000,-1.00044316
-1.00000000,-0.99994955
-1.00000000,-0.99967519
-1.00000000,-0.99910621
-1.00000000,-0.99955981
-1.00000000,-0.99950424
-1.00000000,-0.99894272
-1.00000000,-0.99989397
-1.00000000,-0.99994939
-1.00000000,-1.00094291
-1.00000000,-1.00003772
-1.00000000,-0.99959586
-1.00000000,-0.99947045
-1.00000000,-1.00007639
-1.00000000,-1.00100075
-1.00000000,-1.00034684
-1.00000000,-1.00052744
-1.00000000,-1.00131238
-1.00000000,-1.00093683
-1.00000000,-1.00095279
-1.00000000,-1.00060912
-1.00000000,-0.99977520
-1.00000000,-1.00059335
-1.00000000,-1.00054505
-1.00000000,-1.00022170
-1.00000000,-0.99975746
-1.00000000,-1.00025469
-1.00000000,-0.99997172
-1.00000000,-1.00006383
-1.00000000,-0.99956688
-1.00000000,-0.99904629
-1.00000000,-1.00037612
-1.00000000,-1.00003391
-1.00000000,-0.99911860
-1.00000000,-0.99877590
-1.00000000,-1.00059514
-1.00000000,-0.99889075
-1.00000000,-0.99981804
-1.00000000,-1.00060992
-1.00000000,-0.99975441
-1.00000000,-0.99966649
-1.00000000,-1.00003302
-1.00000000,-0.99956909
-1.00000000,-0.99965685
-1.00000000,-0.99900410
-1.00000000,-0.99943907
-1.00000000,-0.99980519
-1.00000000,-0.99962203
-1.00000000,-0.99976598
-1.00000000,-1.00057823
-1.00000000,-0.99961000
-1.00000000,-1.00049468
-1.00000000,-0.99943466
-1.00000000,-1.00017598
-1.00000000,-0.99968960
-1.00000000,-1.00010131
-1.00000000,-0.99984031
-1.00000000,-0.99874003
-1.00000000,-0.99991955
-1.00000000,-0.99898841
-1.00000000,-0.99994742
-1.00000000,-0.99966309
-1.00000000,-0.99969595
-1.00000000,-0.99976322
-1.00000000,-0.99937725
-1.00000000,-0.99957132
-1.00000000,-1.00015506
-1.00000000,-0.99981909
-1.00000000,-0.99971459
-1.00000000,-0.99910191
-1.00000000,-1.00051240
-1.00000000,-1.00029048
-1.00000000,-1.00062154
-1.00000000,-0.99916359
-1.00000000,-1.00033961
-1.00000000,-0.99908424
-1.00000000,-1.00016027
-1.00000000,-1.00054337
-1.00000000,-1.00114155
-1.00000000,-1.00016054
-1.00000000,-0.99953821
-1.00000000,-1.00070816
-1.00000000,-1.00086342
-1.00000000,-1.00105231
-1.00000000,-1.00053868
-1.00000000,-1.00011757
-1.00000000,-0.99923817
-1.00000000,-0.99976643
-1.00000000,-0.99873434
-1.00000000,-0.99974336
-1.00000000,-1.00046370
-1.00000000,-1.00036537
-1.00000000,-0.99994390
-1.00000000,-0.99875494
-1.00000000,-0.99933534
-1.00000000,-0.99912208
-1.00000000,-0.99908945
-1.00000000,-0.99966739
-1.00000000,-0.99907323
-1.00000000,-0.99937606
-1.00000000,-1.00055268
-1.00000000,-1.00080871
-1.00000000,-1.00030705
-1.00000000,-1.00037440
-1.00000000,-1.00040702
-1.00000000,-0.99991258
-1.00000000,-0.99951690
-1.00000000,-0.99988583
-1.00000000,-1.00000156
-1.00000000,-0.99930810
-1.00000000,-0.99870767
-1.00000000,-0.99982141
-1.00000000,-0.99972025
-1.00000000,-0.99937073
-1.00000000,-0.99993372
-1.00000000,-0.99981810
-1.00000000,-0.99981963
-1.00000000,-1.00087226
-1.00000000,-0.99993525
-1.00000000,-1.00023781
-1.00000000,-1.00159526
-1.00000000,-0.99986194
-1.00000000,-0.99946544
-1.00000000,-0.99918865
-1.00000000,-0.99981227
-1.00000000,-1.00024126
-1.00000000,-0.99867043
-1.00000000,-1.00031117
-1.00000000,-0.99920646
-1.00000000,-0.99844581
-1.00000000,-1.00030533
-1.00000000,-0.99824022
-1.00000000,-0.99974656
-1.00000000,-0.99847134
-1.00000000,-0.99906370
-1.00000000,-0.99952312
-1.00000000,-0.99963518
-1.00000000,-0.99856857
-1.00000000,-0.99898887
-1.00000000,-0.99883309
-1.00000000,-0.99825882
-1.00000000,-0.99991466
-1.00000000,-1.00054333
-1.00000000,-1.00024140
-1.00000000,-0.99959788
-1.00000000,-1.00016527
-1.00000000,-1.00020049
-1.00000000,-1.00099030
-1.00000000,-0.99981891
-1.00000000,-1.00024662
-1.00000000,-1.00089078
-1.00000000,-1.00035259
-1.00000000,-0.99947564
-1.00000000,-0.99994503
-1.00000000,-0.99936390
-1.00000000,-0.99937458
-1.00000000,-1.00048040
-1.00000000,-1.00033908
-1.00000000,-1.00023875
-1.00000000,-1.00042410
-1.00000000,-1.00057651
-1.00000000,-1.00042099
-1.00000000,-1.00101607
-1.00000000,-1.00091252
-1.00000000,-1.00109712
-1.00000000,-1.00090598
-1.00000000,-1.00128833
-1.00000000,-1.00141095
-1.00000000,-1.00042775
-1.00000000,-1.00064267
-1.00000000,-1.00020911
-1.00000000,-1.00021147
-1.00000000,-1.00015712
-1.00000000,-1.00006545
-1.00000000,-1.00037518
-1.00000000,-1.00007601
-1.00000000,-1.00033253
-1.00000000,-0.99993716
-1.00000000,-0.99925623
-1.00000000,-0.99950299
-1.00000000,-1.00089476
-1.00000000,-1.00116444
-1.00000000,-1.00169326
-1.00000000,-1.00243621
-1.00000000,-1.00114037
-1.00000000,-1.00062468
-1.00000000,-1.00045760
-1.00000000,-1.00045044
-1.00000000,-1.00045441
-1.00000000,-1.00006080
-1.00000000,-0.99936358
-1.00000000,-0.99957443
-1.00000000,-1.00040106
-1.00000000,-1.00044370
-1.00000000,-0.99869420
-1.00000000,-1.00039194
-1.00000000,-0.99840238
-1.00000000,-1.00043989
-1.00000000,-1.00034630
-1.00000000,-1.00076001
-1.00000000,-1.00014746
-1.00000000,-1.00081682
-1.00000000,-1.00075436
-1.00000000,-1.00011956
-1.00000000,-0.99979043
-1.00000000,-0.99842207
-1.00000000,-0.99980361
-1.00000000,-0.99940696
-1.00000000,-0.99887454
-1.00000000,-0.99964897
-1.00000000,-0.99979944
-1.00000000,-1.00060659
-1.00000000,-1.00065703
-1.00000000,-1.00052327
-1.00000000,-0.99940451
-1.00000000,-1.00093762
-1.00000000,-1.00035761
-1.00000000,-1.00091861
-1.00000000,-1.00026999
-1.00000000,-1.00124730
-1.00000000,-1.00083830
-1.00000000,-1.00243949
-1.00000000,-0.99999755
-1.00000000,-1.00159337
-1.00000000,-1.00132905
-1.00000000,-0.99987316
-1.00000000,-0.99964199
-1.00000000,-0.99977891
-1.00000000,-0.99985062
-1.00000000,-1.00027131
-1.00000000,-1.00173461
-1.00000000,-1.00090403
-1.00000000,-1.00128996
-1.00000000,-1.00062690
-1.00000000,-1.00090866
-1.00000000,-1.00042226
-1.00000000,-0.99977839
-1.00000000,-0.99984093
-1.00000000,-1.00123391
-1.00000000,-1.00123396
-1.00000000,-1.00059489
-1.00000000,-1.00103391
-1.00000000,-1.00139712
-1.00000000,-0.99974242
-1.00000000,-1.00021106
-1.00000000,-0.99968831
-1.00000000,-0.99977656
-1.00000000,-0.99980824
-1.00000000,-1.00031649
-1.00000000,-1.00097386
-1.00000000,-1.00089766
-1.00000000,-1.00117651
-1.00000000,-1.00102639
-1.00000000,-1.00076680
-1.00000000,-1.00073421
-1.00000000,-1.00113267
-1.00000000,-1.00001883
-1.00000000,-0.99983107
-1.00000000,-1.00122568
-1.00000000,-1.00029007
-1.00000000,-1.00045751
-1.00000000,-0.99961452
-1.00000000,-0.99932888
-1.00000000,-0.99944837
-1.00000000,-1.00055574
-1.00000000,-1.00065463
-1.00000000,-1.00044272
-1.00000000,-1.00139091
-1.00000000,-1.00040870
-1.00000000,-1.00000833
-1.00000000,-1.00081271
-1.00000000,-1.00039078
-1.00000000,-0.99955153
-1.00000000,-0.99989282
-1.00000000,-1.00115172
-1.00000000,-1.00031598
-1.00000000,-1.00115054
-1.00000000,-1.00116566
-1.00000000,-1.00031492
-1.00000000,-0.99931111
-1.00000000,-0.99950336
-1.00000000,-1.00049289
-1.00000000,-0.99994352
-1.00000000,-1.00089793
-1.00000000,-1.00060269
-1.00000000,-1.00146161
-1.00000000,-0.99990047
-1.00000000,-1.00059749
-1.00000000,-1.00046316
-1.00000000,-0.99928842
-1.00000000,-0.99902517
-1.00000000,-1.00026189
-1.00000000,-0.99906922
-1.00000000,-0.99938989
-1.00000000,-0.99942919
-1.00000000,-1.00038651
-1.00000000,-1.00047464
-1.00000000,-1.00136925
-1.00000000,-1.00163548
-1.00000000,-1.00017219
-1.00000000,-1.00089819
-1.00000000,-1.00144944
-1.00000000,-1.00079340
-1.00000000,-1.00034752
-1.00000000,-1.00066306
-1.00000000,-1.00000844
-1.00000000,-0.99989061
-1.00000000,-1.00085513
-1.00000000,-1.00003452
-1.00000000,-0.99915672
-1.00000000,-0.99974794
-1.00000000,-1.00088047
-1.00000000,-0.99954700
-1.00000000,-0.99916801
-1.00000000,-1.00014288
-1.00000000,-0.99957830
-1.00000000,-0.99935362
-1.00000000,-0.99972778
-1.00000000,-0.99961448
-1.00000000,-1.00011296
-1.00000000,-0.99988848
-1.00000000,-0.99931646
-1.00000000,-1.00013235
-1.00000000,-0.99942672
-1.00000000,-0.99863213
-1.00000000,-0.99974116
-1.00000000,-1.00045707
-1.00000000,-1.00004413
-1.00000000,-0.99953160
-1.00000000,-0.99923637
-1.00000000,-0.99990917
-1.00000000,-0.99981920
-1.00000000,-0.99892660
-1.00000000,-0.99945347
-1.00000000,-1.00015559
-1.00000000,-1.00057423
-1.00000000,-1.00026597
-1.00000000,-0.99969085
-1.00000000,-0.99901092
-1.00000000,-0.99872904
-1.00000000,-0.99980849
-1.00000000,-1.00020618
-1.00000000,-0.99980779
-1.00000000,-0.99977322
-1.00000000,-1.00089395
-1.00000000,-1.00207147
-1.00000000,-1.00114394
-1.00000000,-1.00085035
-1.00000000,-1.00039554
-1.00000000,-1.00031639
-1.00000000,-1.00022531
-1.00000000,-1.00126956
-1.00000000,-0.99921561
-1.00000000,-0.99999123
-1.00000000,-0.99907059
-1.00000000,-0.99972243
-1.00000000,-1.00176898
-1.00000000,-1.00141045
-1.00000000,-1.00040651
-1.00000000,-0.99990279
-1.00000000,-0.99932727
-1.00000000,-1.00062204
-1.00000000,-1.00114939
-1.00000000,-1.00064432
-1.00000000,-1.00128395
-1.00000000,-1.00087977
-1.00000000,-1.00081845
-1.00000000,-1.00004861
-1.00000000,-0.99909673
-1.00000000,-0.99961876
-1.00000000,-1.00105872
-1.00000000,-1.00045180
-1.00000000,-0.99976647
-1.00000000,-1.00019633
-1.00000000,-0.99924477
-1.00000000,-1.00062626
-1.00000000,-1.00051314
-1.00000000,-1.00007670
-1.00000000,-0.99939912
-1.00000000,-0.99992723
-1.00000000,-1.00040017
-1.00000000,-1.00165170
-1.00000000,-0.99970002
-1.00000000,-0.99975080
-1.00000000,-0.99981949
-1.00000000,-1.00075659
-1.00000000,-1.00030968
-1.00000000,-1.00010752
-1.00000000,-1.00090764
-1.00000000,-0.99993577
-1.00000000,-0.99872172
-1.00000000,-1.00010295
-1.00000000,-0.99941588
-1.00000000,-0.99976082
-1.00000000,-1.00085202
-1.00000000,-0.99779494
-1.00000000,-0.99861335
-1.00000000,-1.00002690
-1.00000000,-1.00049142
-1.00000000,-1.00116074
-1.00000000,-1.00015876
-1.00000000,-1.00136440
-1.00000000,-1.00062355
-1.00000000,-1.00000942
-1.00000000,-1.00014190
-1.00000000,-1.00043840
-1.00000000,-0.99953649
-1.00000000,-1.00085050
-1.00000000,-1.00059929
-1.00000000,-1.00041246
-1.00000000,-1.00067409
-1.00000000,-0.99951982
-1.00000000,-0.99935880
-1.00000000,-1.00028889
-1.00000000,-0.99988337
-1.00000000,-0.99934976
-1.00000000,-1.00005566
-1.00000000,-0.99932181
-1.00000000,-1.00015300
-1.00000000,-1.00022039
-1.00000000,-0.99953181
-1.00000000,-0.99983440
-1.00000000,-0.99957355
-1.00000000,-0.99969023
-1.00000000,-1.00060940
-1.00000000,-1.00117429
-1.00000000,-1.00030527
-1.00000000,-1.00099208
-1.00000000,-1.00100772
-1.00000000,-0.99883632
-1.00000000,-1.00031807
-1.00000000,-0.99986415
-1.00000000,-0.99930699
-1.00000000,-0.99934260
-1.00000000,-1.00033205
-1.00000000,-0.99956317
-1.00000000,-1.00076251
-1.00000000,-0.99972131
-1.00000000,-1.00009736
-1.00000000,-0.99936377
-1.00000000,-0.99918327
-1.00000000,-1.00040404
-1.00000000,-0.99926670
-1.00000000,-0.99958560
-1.00000000,-0.99932729
-1.00000000,-1.00000077
-1.00000000,-1.00032199
-1.00000000,-0.99979010
-1.00000000,-1.00024331
-1.00000000,-0.99975343
-1.00000000,-0.99959746
-1.00000000,-0.99955105
-1.00000000,-0.99963908
-1.00000000,-1.00099805
-1.00000000,-1.00075341
-1.00000000,-0.99927259
-1.00000000,-1.00040235
-1.00000000,-1.00093725
-1.00000000,-0.99974005
-1.00000000,-1.00092178
-1.00000000,-1.00008472
-1.00000000,-0.99999908
-1.00000000,-0.99915396
-1.00000000,-1.00075820
-1.00000000,-1.00047315
-1.00000000,-0.99963677
-1.00000000,-0.99996267
-1.00000000,-1.00010037
-1.00000000,-1.00064932
-1.00000000,-1.00168218
-1.00000000,-1.00061599
-1.00000000,-1.00092370
-1.00000000,-0.99990661
-1.00000000,-1.00082630
-1.00000000,-1.00033921
-1.00000000,-0.99904563
-1.00000000,-1.00043024
-1.00000000,-1.00051722
-1.00000000,-0.99973882
-1.00000000,-1.00003546
-1.00000000,-0.99971874
-1.00000000,-0.99940439
-1.00000000,-1.00011091
-1.00000000,-0.99995781
-1.00000000,-1.00154655
-1.00000000,-0.99941800
-1.00000000,-1.00026429
-1.00000000,-1.00007719
-1.00000000,-1.00011786
-1.00000000,-0.99921937
-1.00000000,-0.99921616
-1.00000000,-0.99978393
-1.00000000,-0.99927386
-1.00000000,-0.99978701
-1.00000000,-0.99994576
-1.00000000,-0.99874923
-1.00000000,-0.99986745
-1.00000000,-0.99995990
-1.00000000,-1.00142999
-1.00000000,-1.00093461
-1.00000000,-0.99916966
-1.00000000,-1.00076599
-1.00000000,-1.00049318
-1.00000000,-0.99944497
-1.00000000,-0.99854882
-1.00000000,-0.99898695
-1.00000000,-0.99808004
-1.00000000,-0.99841415
-1.00000000,-0.99856821
-1.00000000,-0.99903975
-1.00000000,-1.00025136
-1.00000000,-0.99905347
-1.00000000,-0.99982966
-1.00000000,-1.00065172
-1.00000000,-0.99945323
-1.00000000,-0.99994255
-1.00000000,-1.00112510
-1.00000000,-1.00086221
-1.00000000,-1.00006364
-1.00000000,-1.00065729
-1.00000000,-0.99992807
-1.00000000,-0.99914086
-1.00000000,-0.99896197
-1.00000000,-0.99891293
-1.00000000,-0.99964963
-1.00000000,-0.99961467
-1.00000000,-1.00025030
-1.00000000,-0.99970346
-1.00000000,-1.00015607
-1.00000000,-0.99849436
-1.00000000,-1.00001753
-1.00000000,-0.99948522
-1.00000000,-0.99890576
-1.00000000,-0.99973500
-1.00000000,-0.99959935
-1.00000000,-0.99984835
-1.00000000,-0.99904239
-1.00000000,-0.99921898
-1.00000000,-0.99930626
-1.00000000,-0.99865554
-1.00000000,-0.99997710
-1.00000000,-1.00072397
-1.00000000,-0.99975572
-1.00000000,-0.99994940
-1.00000000,-1.00004756
